title,thumb,link,image_link,
"Applying Color Theory to Digital Media and Visualization, by Theresa-Marie Rhyne",#NAME?,https://www.amazon.com/gp/product/1498765491/ref=as_li_tl?ie=UTF8&camp=1789&creative=9325&creativeASIN=1498765491&linkCode=as2&linkId=5929fb63010433ca703da50bd2f07fa9,http://ws-na.amazon-adsystem.com/widgets/q?_encoding=UTF8&MarketPlace=US&ASIN=1498765491&ServiceVersion=20070822&ID=AsinImage&WS=1&Format=_SL110_,
"Beautiful Visualization: Looking at Data through the Eyes of Experts, by Julie Steele & Noah Iliinsky",#NAME?,http://www.amazon.com/gp/product/1449379869/ref=as_li_tf_il?ie=UTF8&linkCode=as2&camp=217145&creative=399369&creativeASIN=1449379869,http://ws.assoc-amazon.com/widgets/q?_encoding=UTF8&Format=_SL110_&ASIN=1449379869&MarketPlace=US&ID=AsinImage&WS=1&ServiceVersion=20070822,
"The Best American Infographics 2013, by Gareth Cook",#NAME?,http://www.amazon.com/gp/product/0547973373/ref=as_li_tl?ie=UTF8&camp=1789&creative=9325&creativeASIN=0547973373&linkCode=as2&linkId=IDAQ4354FVDDANF7,http://ws-na.amazon-adsystem.com/widgets/q?_encoding=UTF8&ASIN=0547973373&Format=_SL110_&ID=AsinImage&MarketPlace=US&ServiceVersion=20070822&WS=1,
"The Best American Infographics 2014, by Gareth Cook",#NAME?,http://www.amazon.com/gp/product/0547974515/ref=as_li_tl?ie=UTF8&camp=1789&creative=9325&creativeASIN=0547974515&linkCode=as2&linkId=GYLIQGCJHVQBIKK7,http://ws-na.amazon-adsystem.com/widgets/q?_encoding=UTF8&ASIN=0547974515&Format=_SL110_&ID=AsinImage&MarketPlace=US&ServiceVersion=20070822&WS=1,
"The Best American Infographics 2015, by Gareth Cook",#NAME?,https://www.amazon.com/gp/product/0544542703/ref=as_li_tl?ie=UTF8&camp=1789&creative=9325&creativeASIN=0544542703&linkCode=as2&linkId=de77d07ce16fa9b60022d25562c75387,http://ws-na.amazon-adsystem.com/widgets/q?_encoding=UTF8&MarketPlace=US&ASIN=0544542703&ServiceVersion=20070822&ID=AsinImage&WS=1&Format=_SL110_,
"The Best American Infographics 2016, by Gareth Cook",#NAME?,https://www.amazon.com/gp/product/0544556380/ref=as_li_tl?ie=UTF8&camp=1789&creative=9325&creativeASIN=0544556380&linkCode=as2&linkId=248a6358bb55123bf42f420890ac0505,http://ws-na.amazon-adsystem.com/widgets/q?_encoding=UTF8&MarketPlace=US&ASIN=0544556380&ServiceVersion=20070822&ID=AsinImage&WS=1&Format=_SL110_,
"The Big Book of Dashboards: Visualizing Your Data Using Real-World Business Scenarios, by Steve Wexler, Jeffrey Shaffer, and Andy Cotgreave",#NAME?,https://www.amazon.com/gp/product/1119282713/ref=as_li_tl?ie=UTF8&camp=1789&creative=9325&creativeASIN=1119282713&linkCode=as2&linkId=3c0cb2431445e8c7629d9ceb03e895fd,http://ws-na.amazon-adsystem.com/widgets/q?_encoding=UTF8&MarketPlace=US&ASIN=1119282713&ServiceVersion=20070822&ID=AsinImage&WS=1&Format=_SL110_,
"The Book of Circles: Visualizing Spheres of Knowledge, by Manuel Lima",#NAME?,https://www.amazon.com/gp/product/1616895284/ref=as_li_tl?ie=UTF8&camp=1789&creative=9325&creativeASIN=1616895284&linkCode=as2&linkId=f4b478d3341c9078d01b2e6cd95b6377,http://ws-na.amazon-adsystem.com/widgets/q?_encoding=UTF8&MarketPlace=US&ASIN=1616895284&ServiceVersion=20070822&ID=AsinImage&WS=1&Format=_SL110_,
"The Book of R: A First Course in Programming and Statistics, by Tilman M. Davies",#NAME?,https://www.amazon.com/gp/product/1593276516/ref=as_li_tl?ie=UTF8&camp=1789&creative=9325&creativeASIN=1593276516&linkCode=as2&linkId=7ded75700c49289eccfd6fb5e831f289,http://ws-na.amazon-adsystem.com/widgets/q?_encoding=UTF8&MarketPlace=US&ASIN=1593276516&ServiceVersion=20070822&ID=AsinImage&WS=1&Format=_SL110_,
"The Book of Trees, by Manuel Lima",#NAME?,http://www.amazon.com/gp/product/1616892188/ref=as_li_tl?ie=UTF8&camp=1789&creative=9325&creativeASIN=1616892188&linkCode=as2&linkId=BMVG6UEMF4XSFON4,http://ws-na.amazon-adsystem.com/widgets/q?_encoding=UTF8&ASIN=1616892188&Format=_SL110_&ID=AsinImage&MarketPlace=US&ServiceVersion=20070822&WS=1,
"Cartographies of Time: A History of the Timeline, by Daniel Rosenberg",#NAME?,http://www.amazon.com/gp/product/1616890584/ref=as_li_tl?ie=UTF8&camp=1789&creative=9325&creativeASIN=1616890584&linkCode=as2&linkId=UXHBQJQZ5HPE32DH,http://ws-na.amazon-adsystem.com/widgets/q?_encoding=UTF8&ASIN=1616890584&Format=_SL110_&ID=AsinImage&MarketPlace=US&ServiceVersion=20070822&WS=1,
"Cause and Effect: Visualizing Sustainability, by R. Klanten",#NAME?,http://www.amazon.com/gp/product/3899554434/ref=as_li_tf_il?ie=UTF8&linkCode=as2&camp=1789&creative=9325&creativeASIN=3899554434,http://ws.assoc-amazon.com/widgets/q?_encoding=UTF8&Format=_SL110_&ASIN=3899554434&MarketPlace=US&ID=AsinImage&WS=1&ServiceVersion=20070822,
"Communicating Data with Tableau, by Ben Jones",#NAME?,http://www.amazon.com/gp/product/1449372023/ref=as_li_tl?ie=UTF8&camp=1789&creative=9325&creativeASIN=1449372023&linkCode=as2&linkId=ZFIM6HXM3PCVMRHU,http://ws-na.amazon-adsystem.com/widgets/q?_encoding=UTF8&ASIN=1449372023&Format=_SL110_&ID=AsinImage&MarketPlace=US&ServiceVersion=20070822&WS=1,
"Cool Infographics: Effective Communication with Data Visualization and Design, by Randy Krum",#NAME?,http://www.amazon.com/gp/product/1118582306/ref=as_li_tl?ie=UTF8&camp=1789&creative=9325&creativeASIN=1118582306&linkCode=as2&linkId=66NXYQ4EDJ72VSOB,http://ws-na.amazon-adsystem.com/widgets/q?_encoding=UTF8&ASIN=1118582306&Format=_SL110_&ID=AsinImage&MarketPlace=US&ServiceVersion=20070822&WS=1,
"The Craft of Information Visualization: Readings and Reflections, by Ben Shneiderman",#NAME?,http://www.amazon.com/gp/product/1558609156/ref=as_li_tf_il?ie=UTF8&linkCode=as2&camp=217145&creative=399373&creativeASIN=1558609156,http://ws.assoc-amazon.com/widgets/q?_encoding=UTF8&Format=_SL110_&ASIN=1558609156&MarketPlace=US&ID=AsinImage&WS=1&ServiceVersion=20070822,
"Creating More Effective Graphs, by Naomi B. Robbins",#NAME?,http://www.amazon.com/gp/product/0985911123/ref=as_li_tf_il?ie=UTF8&camp=1789&creative=9325&creativeASIN=0985911123&linkCode=as2,http://ws.assoc-amazon.com/widgets/q?_encoding=UTF8&ASIN=0985911123&Format=_SL110_&ID=AsinImage&MarketPlace=US&ServiceVersion=20070822&WS=1,
"Data At Work, by Jorge Camoes",#NAME?,https://www.amazon.com/gp/product/0134268636/ref=as_li_tl?ie=UTF8&camp=1789&creative=9325&creativeASIN=0134268636&linkCode=as2&linkId=b33f6ee2bdc68d613a3ae0f0811a9875,http://ws-na.amazon-adsystem.com/widgets/q?_encoding=UTF8&MarketPlace=US&ASIN=0134268636&ServiceVersion=20070822&ID=AsinImage&WS=1&Format=_SL110_,
"Data Visualisation: A Handbook for Data Driven Design, by Andy Kirk",#NAME?,https://www.amazon.com/gp/product/1473912148/ref=as_li_tl?ie=UTF8&camp=1789&creative=9325&creativeASIN=1473912148&linkCode=as2&linkId=7d0888d3ff0556c66ab14ef799268aa0,http://ws-na.amazon-adsystem.com/widgets/q?_encoding=UTF8&MarketPlace=US&ASIN=1473912148&ServiceVersion=20070822&ID=AsinImage&WS=1&Format=_SL110_,
"Data Visualizations: A Successful Design Process, by Andy Kirk",#NAME?,http://www.amazon.com/gp/product/1849693463/ref=as_li_tf_il?ie=UTF8&linkCode=as2&camp=1789&creative=9325&creativeASIN=1849693463,http://ws.assoc-amazon.com/widgets/q?_encoding=UTF8&Format=_SL110_&ASIN=1849693463&MarketPlace=US&ID=AsinImage&WS=1&ServiceVersion=20070822,
"Data Visualization with Python and JavaScript, by Kyran Dale",#NAME?,https://www.amazon.com/gp/product/1491920513/ref=as_li_tl?ie=UTF8&camp=1789&creative=9325&creativeASIN=1491920513&linkCode=as2&linkId=9b683d1c21849f66c236c7ac25d48c42,http://ws-na.amazon-adsystem.com/widgets/q?_encoding=UTF8&MarketPlace=US&ASIN=1491920513&ServiceVersion=20070822&ID=AsinImage&WS=1&Format=_SL110_,
"Dear Data, by Giorgia Lupi & Stefanie Posavec",#NAME?,https://www.amazon.com/gp/product/1616895322/ref=as_li_tl?ie=UTF8&camp=1789&creative=9325&creativeASIN=1616895322&linkCode=as2&linkId=78f214f965557759ba3726cd50fa0176,http://ws-na.amazon-adsystem.com/widgets/q?_encoding=UTF8&MarketPlace=US&ASIN=1616895322&ServiceVersion=20070822&ID=AsinImage&WS=1&Format=_SL110_,
"Designing Data Visualizations: Intentional Communication from Data to Display, by Julie Steele & Noah Iliinsky",#NAME?,http://shop.oreilly.com/product/0636920022060.do,http://www.visualisingdata.com/blog/wp-content/uploads/2011/10/cat1.gif,
"Design for Information, by Isabel Meireles",#NAME?,http://www.amazon.com/gp/product/1592538061/ref=as_li_tl?ie=UTF8&camp=1789&creative=9325&creativeASIN=1592538061&linkCode=as2&linkId=IDYQGJJIUKGQJRPE,http://ws-na.amazon-adsystem.com/widgets/q?_encoding=UTF8&ASIN=1592538061&Format=_SL110_&ID=AsinImage&MarketPlace=US&ServiceVersion=20070822&WS=1,
"Designing News: Changing the World of Editorial Design and Information Graphics, by Francesco Franchi",#NAME?,https://www.amazon.com/gp/product/389955468X/ref=as_li_tl?ie=UTF8&camp=1789&creative=9325&creativeASIN=389955468X&linkCode=as2&linkId=4091df1541009d99b3159de0f44bc30d,http://ws-na.amazon-adsystem.com/widgets/q?_encoding=UTF8&MarketPlace=US&ASIN=389955468X&ServiceVersion=20070822&ID=AsinImage&WS=1&Format=_SL110_,
"Effective Data Visualization: The Right Chart for the Right Data, by Stephanie Evergreen",#NAME?,https://www.amazon.com/gp/product/1506303056/ref=as_li_tl?ie=UTF8&camp=1789&creative=9325&creativeASIN=1506303056&linkCode=as2&linkId=689574d0600bfcd10016eb6b50c9d927,http://ws-na.amazon-adsystem.com/widgets/q?_encoding=UTF8&MarketPlace=US&ASIN=1506303056&ServiceVersion=20070822&ID=AsinImage&WS=1&Format=_SL110_,
"The Elements of Graphing Data, by William S. Cleveland",#NAME?,http://www.amazon.com/gp/product/0963488414/ref=as_li_tf_il?ie=UTF8&linkCode=as2&camp=217145&creative=399369&creativeASIN=0963488414,http://ws.assoc-amazon.com/widgets/q?_encoding=UTF8&Format=_SL110_&ASIN=0963488414&MarketPlace=US&ID=AsinImage&WS=1&ServiceVersion=20070822,
"Envisioning Information, by Edward R. Tufte",#NAME?,http://www.amazon.com/gp/product/0961392118/ref=as_li_tf_il?ie=UTF8&linkCode=as2&camp=217145&creative=399369&creativeASIN=0961392118,http://ws.assoc-amazon.com/widgets/q?_encoding=UTF8&Format=_SL110_&ASIN=0961392118&MarketPlace=US&ID=AsinImage&WS=1&ServiceVersion=20070822,
"Excel 2007 Dashboards & Reports For Dummies, by Michael Alexander",#NAME?,http://www.amazon.com/gp/product/0470228148/ref=as_li_tf_il?ie=UTF8&linkCode=as2&camp=217145&creative=399369&creativeASIN=0470228148,http://ws.assoc-amazon.com/widgets/q?_encoding=UTF8&Format=_SL110_&ASIN=0470228148&MarketPlace=US&ID=AsinImage&WS=1&ServiceVersion=20070822,
"The Functional Art, by Alberto Cairo",#NAME?,http://www.amazon.com/gp/product/0321834739/ref=as_li_tf_il?ie=UTF8&linkCode=as2&camp=1789&creative=9325&creativeASIN=0321834739,http://ws.assoc-amazon.com/widgets/q?_encoding=UTF8&Format=_SL110_&ASIN=0321834739&MarketPlace=US&ID=AsinImage&WS=1&ServiceVersion=20070822,
"ggplot2: Elegant Graphics for Data Analysis, by Hadley Wickham",#NAME?,http://www.amazon.com/gp/product/0387981403/ref=as_li_tl?ie=UTF8&camp=1789&creative=9325&creativeASIN=0387981403&linkCode=as2&linkId=OL4PI5TZOXIOCC2K,http://ws-na.amazon-adsystem.com/widgets/q?_encoding=UTF8&ASIN=0387981403&Format=_SL110_&ID=AsinImage&MarketPlace=US&ServiceVersion=20070822&WS=1,
"The Grammar of Graphics, by Leland Wilkinson",#NAME?,http://www.amazon.com/gp/product/0387245448/ref=as_li_tf_il?ie=UTF8&linkCode=as2&camp=217145&creative=399369&creativeASIN=0387245448,http://ws.assoc-amazon.com/widgets/q?_encoding=UTF8&Format=_SL110_&ASIN=0387245448&MarketPlace=US&ID=AsinImage&WS=1&ServiceVersion=20070822,
"Graph Design for the Eye and Mind, by Stephen M. Kosslyn",#NAME?,http://www.amazon.com/gp/product/0195311841/ref=as_li_tf_il?ie=UTF8&linkCode=as2&camp=217145&creative=399369&creativeASIN=0195311841,http://ws.assoc-amazon.com/widgets/q?_encoding=UTF8&Format=_SL110_&ASIN=0195311841&MarketPlace=US&ID=AsinImage&WS=1&ServiceVersion=20070822,
"How Maps Work: Representation, Visualization, and Design, by Alan M. MacEachren",#NAME?,http://www.amazon.com/gp/product/157230040X/ref=as_li_tf_il?ie=UTF8&linkCode=as2&camp=217145&creative=399369&creativeASIN=157230040X,http://ws.assoc-amazon.com/widgets/q?_encoding=UTF8&Format=_SL110_&ASIN=157230040X&MarketPlace=US&ID=AsinImage&WS=1&ServiceVersion=20070822,
"How to make an IMPACT, by Jon Moon",#NAME?,http://www.amazon.com/gp/product/0273713329/ref=as_li_tf_il?ie=UTF8&linkCode=as2&camp=217145&creative=399369&creativeASIN=0273713329,http://ws.assoc-amazon.com/widgets/q?_encoding=UTF8&Format=_SL110_&ASIN=0273713329&MarketPlace=US&ID=AsinImage&WS=1&ServiceVersion=20070822,
"The Infographic History of the World, by Valentina D'Efilippo",#NAME?,http://www.amazon.com/gp/product/1770853162/ref=as_li_tl?ie=UTF8&camp=1789&creative=9325&creativeASIN=1770853162&linkCode=as2&linkId=YMTQV7AGGLA6EW5V,http://ws-na.amazon-adsystem.com/widgets/q?_encoding=UTF8&ASIN=1770853162&Format=_SL110_&ID=AsinImage&MarketPlace=US&ServiceVersion=20070822&WS=1,
"Information Dashboard Design: The Effective Visual Communication of Data, by Stephen Few",#NAME?,http://www.amazon.com/gp/product/0596100167/ref=as_li_tf_il?ie=UTF8&linkCode=as2&camp=217145&creative=399369&creativeASIN=0596100167,http://ws.assoc-amazon.com/widgets/q?_encoding=UTF8&Format=_SL110_&ASIN=0596100167&MarketPlace=US&ID=AsinImage&WS=1&ServiceVersion=20070822,
"Information Graphics, by Taschen",#NAME?,http://www.amazon.com/gp/product/3836528797/ref=as_li_tf_il?ie=UTF8&linkCode=as2&camp=1789&creative=9325&creativeASIN=3836528797,http://ws.assoc-amazon.com/widgets/q?_encoding=UTF8&Format=_SL110_&ASIN=3836528797&MarketPlace=US&ID=AsinImage&WS=1&ServiceVersion=20070822,
"Information is Beautiful, by David McCandless",#NAME?,http://www.amazon.com/gp/product/0007294662/ref=as_li_tf_il?ie=UTF8&linkCode=as2&camp=217145&creative=399369&creativeASIN=0007294662,http://ws.assoc-amazon.com/widgets/q?_encoding=UTF8&Format=_SL110_&ASIN=0007294662&MarketPlace=US&ID=AsinImage&WS=1&ServiceVersion=20070822,
"Interactive Data Visualization for the Web, by Scott Murray",#NAME?,http://www.amazon.com/gp/product/1449339735/ref=as_li_tf_il?ie=UTF8&linkCode=as2&camp=1789&creative=9325&creativeASIN=1449339735,http://ws.assoc-amazon.com/widgets/q?_encoding=UTF8&Format=_SL110_&ASIN=1449339735&MarketPlace=US&ID=AsinImage&WS=1&ServiceVersion=20070822,
"Information Visualization: Perception for Design, by Colin Ware",#NAME?,http://www.amazon.com/gp/product/1558608192/ref=as_li_tf_il?ie=UTF8&linkCode=as2&camp=217145&creative=399369&creativeASIN=1558608192,http://ws.assoc-amazon.com/widgets/q?_encoding=UTF8&Format=_SL110_&ASIN=1558608192&MarketPlace=US&ID=AsinImage&WS=1&ServiceVersion=20070822,
"Knowledge is Beautiful, by David McCandless",#NAME?,https://www.amazon.com/gp/product/0062188224/ref=as_li_tl?ie=UTF8&camp=1789&creative=9325&creativeASIN=0062188224&linkCode=as2&linkId=6a319aac3944db3596d1603bd2491c70,http://ws-na.amazon-adsystem.com/widgets/q?_encoding=UTF8&MarketPlace=US&ASIN=0062188224&ServiceVersion=20070822&ID=AsinImage&WS=1&Format=_SL110_,
"Look Inside: Cutaway Illustrations and Visual Storytelling, by Juan Velasco and Samuel Velasco (Editors)",#NAME?,https://www.amazon.com/gp/product/3899556399/ref=as_li_tl?ie=UTF8&camp=1789&creative=9325&creativeASIN=3899556399&linkCode=as2&linkId=463aad18b2664480910d7f810affa03d,http://ws-na.amazon-adsystem.com/widgets/q?_encoding=UTF8&MarketPlace=US&ASIN=3899556399&ServiceVersion=20070822&ID=AsinImage&WS=1&Format=_SL110_,
"National Geographic Infographics, by Julius Wiedemann",#NAME?,https://www.amazon.com/gp/product/3836545950/ref=as_li_tl?ie=UTF8&camp=1789&creative=9325&creativeASIN=3836545950&linkCode=as2&linkId=0fe6a09b409d9c7c49d7dd2e05cfa4d1,http://ws-na.amazon-adsystem.com/widgets/q?_encoding=UTF8&MarketPlace=US&ASIN=3836545950&ServiceVersion=20070822&ID=AsinImage&WS=1&Format=_SL110_,
"New Scientist: The Origin of (almost) Everything, by New Scientist, Graham Lawton (Authors) and Jennifer Daniel (Illustrator)",#NAME?,https://www.amazon.com/gp/product/1857886615/ref=as_li_tl?ie=UTF8&camp=1789&creative=9325&creativeASIN=1857886615&linkCode=as2&linkId=b92203d7847d7534e5beb4a00f5ea054,http://ws-na.amazon-adsystem.com/widgets/q?_encoding=UTF8&MarketPlace=US&ASIN=1857886615&ServiceVersion=20070822&ID=AsinImage&WS=1&Format=_SL110_,
"Now You See It: Simple Visualization Techniques for Quantitative Analysis, by Stephen Few",#NAME?,http://www.amazon.com/gp/product/0970601980/ref=as_li_tf_il?ie=UTF8&linkCode=as2&camp=217145&creative=399369&creativeASIN=0970601980,http://ws.assoc-amazon.com/widgets/q?_encoding=UTF8&Format=_SL110_&ASIN=0970601980&MarketPlace=US&ID=AsinImage&WS=1&ServiceVersion=20070822,
"Photoviz: Visualizing Information Through Photography, by Nicholas Felton",#NAME?,https://www.amazon.com/gp/product/3899556453/ref=as_li_tl?ie=UTF8&camp=1789&creative=9325&creativeASIN=3899556453&linkCode=as2&linkId=d55d276923fde1550c018e90d806de28,http://ws-na.amazon-adsystem.com/widgets/q?_encoding=UTF8&MarketPlace=US&ASIN=3899556453&ServiceVersion=20070822&ID=AsinImage&WS=1&Format=_SL110_,
"Presenting Data Effectively: Communicating Your Findings for Maximum Impact, by Stephanie D. H. Evergreen",#NAME?,http://www.amazon.com/gp/product/1452257361/ref=as_li_tl?ie=UTF8&camp=1789&creative=9325&creativeASIN=1452257361&linkCode=as2&linkId=W5XQG4SJDNNCFH2O,http://ws-na.amazon-adsystem.com/widgets/q?_encoding=UTF8&ASIN=1452257361&Format=_SL110_&ID=AsinImage&MarketPlace=US&ServiceVersion=20070822&WS=1,
"Raw Data: Infographic Designers' Sketchbooks, by Steven Heller &  Rick Landers",#NAME?,https://www.amazon.com/gp/product/0500517452/ref=as_li_tl?ie=UTF8&camp=1789&creative=9325&creativeASIN=0500517452&linkCode=as2&linkId=f24b93b7d984e8c00d373acbfaaa904e,http://ws-na.amazon-adsystem.com/widgets/q?_encoding=UTF8&MarketPlace=US&ASIN=0500517452&ServiceVersion=20070822&ID=AsinImage&WS=1&Format=_SL110_,
"Readings in Information Visualization: Using Vision to Think, by Stuart K. Card, Jock Mackinlay and Ben Shneiderman",#NAME?,http://www.amazon.com/gp/product/1558605339/ref=as_li_tf_il?ie=UTF8&linkCode=as2&camp=217145&creative=399369&creativeASIN=1558605339,http://ws.assoc-amazon.com/widgets/q?_encoding=UTF8&Format=_SL110_&ASIN=1558605339&MarketPlace=US&ID=AsinImage&WS=1&ServiceVersion=20070822,
"Semiology of Graphics: Diagrams, Networks, Maps, by Jacques Bertin",#NAME?,http://www.amazon.com/gp/product/1589482611/ref=as_li_tf_il?ie=UTF8&linkCode=as2&camp=217145&creative=399369&creativeASIN=1589482611,http://ws.assoc-amazon.com/widgets/q?_encoding=UTF8&Format=_SL110_&ASIN=1589482611&MarketPlace=US&ID=AsinImage&WS=1&ServiceVersion=20070822,
"Show Me the Numbers: Designing Tables and Graphs to Enlighten, by Stephen Few",#NAME?,http://www.amazon.com/gp/product/0970601999/ref=as_li_tf_il?ie=UTF8&linkCode=as2&camp=217145&creative=399373&creativeASIN=0970601999,http://ws.assoc-amazon.com/widgets/q?_encoding=UTF8&Format=_SL110_&ASIN=0970601999&MarketPlace=US&ID=AsinImage&WS=1&ServiceVersion=20070822,
"Speaking American: How Y'all, Youse, and You Guys Talk: A Visual Guide, by Josh Katz",#NAME?,https://www.amazon.com/gp/product/0544703391/ref=as_li_tl?ie=UTF8&camp=1789&creative=9325&creativeASIN=0544703391&linkCode=as2&linkId=600301fd6d8a55121c6c92c55948ee92,http://ws-na.amazon-adsystem.com/widgets/q?_encoding=UTF8&MarketPlace=US&ASIN=0544703391&ServiceVersion=20070822&ID=AsinImage&WS=1&Format=_SL110_,
"Storytelling with Data: A Data Visualization Guide for Business Professionals, by Cole Nussbaumer Knaflic",#NAME?,https://www.amazon.com/gp/product/1119002257/ref=as_li_tl?ie=UTF8&camp=1789&creative=9325&creativeASIN=1119002257&linkCode=as2&linkId=9241d3cc1746cb6ef399a647d822c1de,http://ws-na.amazon-adsystem.com/widgets/q?_encoding=UTF8&MarketPlace=US&ASIN=1119002257&ServiceVersion=20070822&ID=AsinImage&WS=1&Format=_SL110_,
"Tableau Your Data!: Fast and Easy Visual Analysis with Tableau Software, by Dan Murray",#NAME?,http://www.amazon.com/gp/product/1118612043/ref=as_li_tl?ie=UTF8&camp=1789&creative=9325&creativeASIN=1118612043&linkCode=as2&linkId=SSY7WGXPXNBG53ZW,http://ws-na.amazon-adsystem.com/widgets/q?_encoding=UTF8&ASIN=1118612043&Format=_SL110_&ID=AsinImage&MarketPlace=US&ServiceVersion=20070822&WS=1,
"The Truthful Art, by Alberto Cairo",#NAME?,https://www.amazon.com/gp/product/0321934075/ref=as_li_tl?ie=UTF8&camp=1789&creative=9325&creativeASIN=0321934075&linkCode=as2&linkId=d0cf090098df5ecca29111d667af7b16,http://ws-na.amazon-adsystem.com/widgets/q?_encoding=UTF8&MarketPlace=US&ASIN=0321934075&ServiceVersion=20070822&ID=AsinImage&WS=1&Format=_SL110_,
"Understanding the World: The Atlas of Infographics, by Taschen",#NAME?,https://www.amazon.com/gp/product/3836548836/ref=as_li_tl?ie=UTF8&camp=1789&creative=9325&creativeASIN=3836548836&linkCode=as2&linkId=bfb47d5f67ae1b4ea32515baf780716f,http://ws-na.amazon-adsystem.com/widgets/q?_encoding=UTF8&MarketPlace=US&ASIN=3836548836&ServiceVersion=20070822&ID=AsinImage&WS=1&Format=_SL110_,
"The Visual Display of Quantitative Information, by Edward R. Tufte",#NAME?,http://www.amazon.com/gp/product/0961392142/ref=as_li_tf_il?ie=UTF8&linkCode=as2&camp=217145&creative=399369&creativeASIN=0961392142,http://ws.assoc-amazon.com/widgets/q?_encoding=UTF8&Format=_SL110_&ASIN=0961392142&MarketPlace=US&ID=AsinImage&WS=1&ServiceVersion=20070822,
"The Visualisation of Spatial Social Structure, by Danny Dorling",#NAME?,http://www.amazon.com/gp/product/1119962935/ref=as_li_tf_il?ie=UTF8&linkCode=as2&camp=1789&creative=9325&creativeASIN=1119962935,http://ws.assoc-amazon.com/widgets/q?_encoding=UTF8&Format=_SL110_&ASIN=1119962935&MarketPlace=US&ID=AsinImage&WS=1&ServiceVersion=20070822,
"Visualization Analysis and Design, by Tamara Munzner",#NAME?,https://www.amazon.com/gp/product/1466508914/ref=as_li_tl?ie=UTF8&camp=1789&creative=9325&creativeASIN=1466508914&linkCode=as2&linkId=d3a90c7625a928970d8803a327008381,http://ws-na.amazon-adsystem.com/widgets/q?_encoding=UTF8&MarketPlace=US&ASIN=1466508914&ServiceVersion=20070822&ID=AsinImage&WS=1&Format=_SL110_,
"Visual Complexity: Mapping Patterns of Information, by Manuel Lima",#NAME?,http://www.amazon.com/gp/product/1568989369/ref=as_li_tf_il?ie=UTF8&linkCode=as2&camp=217145&creative=399373&creativeASIN=1568989369,http://ws.assoc-amazon.com/widgets/q?_encoding=UTF8&Format=_SL110_&ASIN=1568989369&MarketPlace=US&ID=AsinImage&WS=1&ServiceVersion=20070822,
"Visualize This: The FlowingData Guide to Design, Visualization, and Statistics, by Nathan Yau",#NAME?,http://www.amazon.com/gp/product/0470944889/ref=as_li_tf_il?ie=UTF8&linkCode=as2&camp=217145&creative=399369&creativeASIN=0470944889,http://ws.assoc-amazon.com/widgets/q?_encoding=UTF8&Format=_SL110_&ASIN=0470944889&MarketPlace=US&ID=AsinImage&WS=1&ServiceVersion=20070822,
"Visualizing Data, by William S. Cleveland",#NAME?,http://www.amazon.com/gp/product/0963488406/ref=as_li_tf_il?ie=UTF8&linkCode=as2&camp=217145&creative=399369&creativeASIN=0963488406,http://ws.assoc-amazon.com/widgets/q?_encoding=UTF8&Format=_SL110_&ASIN=0963488406&MarketPlace=US&ID=AsinImage&WS=1&ServiceVersion=20070822,
"Visualizing Data: Exploring and Explaining Data with the Processing Environment, by Ben Fry",#NAME?,http://www.amazon.com/gp/product/0596514557/ref=as_li_tf_il?ie=UTF8&linkCode=as2&camp=217145&creative=399369&creativeASIN=0596514557,http://ws.assoc-amazon.com/widgets/q?_encoding=UTF8&Format=_SL110_&ASIN=0596514557&MarketPlace=US&ID=AsinImage&WS=1&ServiceVersion=20070822,
"Visualizing Financial Data, by Julie Rodriguez & Piotr Kaczmarek",#NAME?,https://www.amazon.com/gp/product/111890785X/ref=as_li_tl?ie=UTF8&camp=1789&creative=9325&creativeASIN=111890785X&linkCode=as2&linkId=a9dd260f9692a937280196ead1efe016,http://ws-na.amazon-adsystem.com/widgets/q?_encoding=UTF8&MarketPlace=US&ASIN=111890785X&ServiceVersion=20070822&ID=AsinImage&WS=1&Format=_SL110_,
"The Wall Street Journal Guide to Information Graphics, by Dona M. Wong",#NAME?,http://www.amazon.com/gp/product/0393072959/ref=as_li_tf_il?ie=UTF8&linkCode=as2&camp=217145&creative=399369&creativeASIN=0393072959,http://ws.assoc-amazon.com/widgets/q?_encoding=UTF8&Format=_SL110_&ASIN=0393072959&MarketPlace=US&ID=AsinImage&WS=1&ServiceVersion=20070822,
"Where the Animals Go, by James Cheshire and Oliver Uberti",#NAME?,https://www.amazon.com/gp/product/1846148812/ref=as_li_tl?ie=UTF8&camp=1789&creative=9325&creativeASIN=1846148812&linkCode=as2&linkId=49f834894303da450c36e06052415ae1,http://ws-na.amazon-adsystem.com/widgets/q?_encoding=UTF8&MarketPlace=US&ASIN=1846148812&ServiceVersion=20070822&ID=AsinImage&WS=1&Format=_SL110_,
"100 Diagrams That Changed the World, by Scott Christianson",#NAME?,http://www.amazon.com/gp/product/0452298776/ref=as_li_tl?ie=UTF8&camp=1789&creative=9325&creativeASIN=0452298776&linkCode=as2&linkId=NTRLJPSQ5XVUOWIR,http://ws-na.amazon-adsystem.com/widgets/q?_encoding=UTF8&ASIN=0452298776&Format=_SL110_&ID=AsinImage&MarketPlace=US&ServiceVersion=20070822&WS=1,
"Design As Art, by Bruno Munari",#NAME?,http://www.amazon.com/gp/product/0141035811/ref=as_li_tl?ie=UTF8&camp=1789&creative=9325&creativeASIN=0141035811&linkCode=as2&linkId=GCGNNWW4DOTJ7LRT,http://ws-na.amazon-adsystem.com/widgets/q?_encoding=UTF8&ASIN=0141035811&Format=_SL110_&ID=AsinImage&MarketPlace=US&ServiceVersion=20070822&WS=1,
"The Design of Everyday Things, by Donald A. Norman",#NAME?,http://www.amazon.com/gp/product/0465067107/ref=as_li_tf_il?ie=UTF8&linkCode=as2&camp=217145&creative=399369&creativeASIN=0465067107,http://ws.assoc-amazon.com/widgets/q?_encoding=UTF8&Format=_SL110_&ASIN=0465067107&MarketPlace=US&ID=AsinImage&WS=1&ServiceVersion=20070822,
"Design for the Real World: Human Ecology and Social Change, by Victor Papanek",#NAME?,http://www.amazon.com/gp/product/0897331532/ref=as_li_tl?ie=UTF8&camp=1789&creative=9325&creativeASIN=0897331532&linkCode=as2&linkId=44V3EPCJ522Q5QEF,http://ws-na.amazon-adsystem.com/widgets/q?_encoding=UTF8&ASIN=0897331532&Format=_SL110_&ID=AsinImage&MarketPlace=US&ServiceVersion=20070822&WS=1,
"Designing Visual Interfaces: Communication Oriented Techniques, by Kevin Mullet",#NAME?,http://www.amazon.com/gp/product/0133033899/ref=as_li_tf_il?ie=UTF8&linkCode=as2&camp=217145&creative=399369&creativeASIN=0133033899,http://ws.assoc-amazon.com/widgets/q?_encoding=UTF8&Format=_SL110_&ASIN=0133033899&MarketPlace=US&ID=AsinImage&WS=1&ServiceVersion=20070822,
"Don't Make Me Think: A Common Sense Approach to Web Usability, 2nd Edition, by Steve Krug",#NAME?,http://www.amazon.com/gp/product/0321344758/ref=as_li_tf_il?ie=UTF8&linkCode=as2&camp=217145&creative=399369&creativeASIN=0321344758,http://ws.assoc-amazon.com/widgets/q?_encoding=UTF8&Format=_SL110_&ASIN=0321344758&MarketPlace=US&ID=AsinImage&WS=1&ServiceVersion=20070822,
"Emotional Design: Why We Love (or Hate) Everyday Things, by Donald A. Norman",#NAME?,http://www.amazon.com/gp/product/0465051367/ref=as_li_tf_il?ie=UTF8&linkCode=as2&camp=217145&creative=399369&creativeASIN=0465051367,http://ws.assoc-amazon.com/widgets/q?_encoding=UTF8&Format=_SL110_&ASIN=0465051367&MarketPlace=US&ID=AsinImage&WS=1&ServiceVersion=20070822,
"A Field Guide to Digital Color, by Maureen Stone",#NAME?,https://www.amazon.com/gp/product/1568811616/ref=as_li_tl?ie=UTF8&camp=1789&creative=9325&creativeASIN=1568811616&linkCode=as2&linkId=0f8124f4f67b2b114de1ae2ffa813778,http://ws-na.amazon-adsystem.com/widgets/q?_encoding=UTF8&MarketPlace=US&ASIN=1568811616&ServiceVersion=20070822&ID=AsinImage&WS=1&Format=_SL110_,
"Graphic Design: A Concise History, by Richard Hollis",#NAME?,http://www.amazon.com/gp/product/0500203474/ref=as_li_tl?ie=UTF8&camp=1789&creative=9325&creativeASIN=0500203474&linkCode=as2&linkId=PDMNZKWVE3BKE63T,http://ws-na.amazon-adsystem.com/widgets/q?_encoding=UTF8&ASIN=0500203474&Format=_SL110_&ID=AsinImage&MarketPlace=US&ServiceVersion=20070822&WS=1,
"Graphic Design Rules, by Frances Lincoln",#NAME?,http://www.amazon.com/gp/product/0711233462/ref=as_li_tl?ie=UTF8&camp=1789&creative=9325&creativeASIN=0711233462&linkCode=as2&linkId=KOKXZKOYXPKW6SMM,http://ws-na.amazon-adsystem.com/widgets/q?_encoding=UTF8&ASIN=0711233462&Format=_SL110_&ID=AsinImage&MarketPlace=US&ServiceVersion=20070822&WS=1,
"The Information Design Handbook, by Jennifer Visocky O'Grady",#NAME?,http://www.amazon.com/gp/product/160061048X/ref=as_li_tf_il?ie=UTF8&linkCode=as2&camp=217145&creative=399369&creativeASIN=160061048X,http://ws.assoc-amazon.com/widgets/q?_encoding=UTF8&Format=_SL110_&ASIN=160061048X&MarketPlace=US&ID=AsinImage&WS=1&ServiceVersion=20070822,
"Non-Designer's Design Book (3rd Edition), by Robin Williams",#NAME?,http://www.amazon.com/gp/product/0321534042/ref=as_li_tf_il?ie=UTF8&linkCode=as2&camp=217145&creative=399369&creativeASIN=0321534042,http://ws.assoc-amazon.com/widgets/q?_encoding=UTF8&Format=_SL110_&ASIN=0321534042&MarketPlace=US&ID=AsinImage&WS=1&ServiceVersion=20070822,
"Now you see it, by Cathy N. Davidson",#NAME?,http://www.amazon.com/gp/product/0670022829/ref=as_li_tf_il?ie=UTF8&linkCode=as2&camp=217145&creative=399373&creativeASIN=0670022829,http://ws.assoc-amazon.com/widgets/q?_encoding=UTF8&Format=_SL110_&ASIN=0670022829&MarketPlace=US&ID=AsinImage&WS=1&ServiceVersion=20070822,
"Show Your Work!: 10 Things Nobody Told You About Getting Discovered, by Austin Kleon",#NAME?,https://www.amazon.com/gp/product/076117897X/ref=as_li_tl?ie=UTF8&camp=1789&creative=9325&creativeASIN=076117897X&linkCode=as2&linkId=830a2c040b347f5ea6a600410d6162cb,http://ws-na.amazon-adsystem.com/widgets/q?_encoding=UTF8&MarketPlace=US&ASIN=076117897X&ServiceVersion=20070822&ID=AsinImage&WS=1&Format=_SL110_,
"Sketching User Experiences: Getting the Design Right and the Right Design, by Bill Buxton",#NAME?,http://www.amazon.com/gp/product/0123740371/ref=as_li_tf_il?ie=UTF8&linkCode=as2&camp=217145&creative=399369&creativeASIN=0123740371,http://ws.assoc-amazon.com/widgets/q?_encoding=UTF8&Format=_SL110_&ASIN=0123740371&MarketPlace=US&ID=AsinImage&WS=1&ServiceVersion=20070822,
"Steal Like An Artist, by Austin Kleon",#NAME?,https://www.amazon.com/gp/product/0761169253/ref=as_li_tl?ie=UTF8&camp=1789&creative=9325&creativeASIN=0761169253&linkCode=as2&linkId=2cac135bcbe38ee4d971329c17ae3049,http://ws-na.amazon-adsystem.com/widgets/q?_encoding=UTF8&MarketPlace=US&ASIN=0761169253&ServiceVersion=20070822&ID=AsinImage&WS=1&Format=_SL110_,
"Universal Principles of Design, Revised and Updated, by William Lidwell, Kritina Holden, Jill Butler",#NAME?,http://www.amazon.com/gp/product/1592535879/ref=as_li_tf_il?ie=UTF8&linkCode=as2&camp=217145&creative=399373&creativeASIN=1592535879,http://ws.assoc-amazon.com/widgets/q?_encoding=UTF8&Format=_SL110_&ASIN=1592535879&MarketPlace=US&ID=AsinImage&WS=1&ServiceVersion=20070822,
"Visual Language for Designers: Principles for Creating Graphics that People Understand, by Connie Malamed",#NAME?,http://www.amazon.com/gp/product/1592537413/ref=as_li_tf_il?ie=UTF8&linkCode=as2&camp=217145&creative=399373&creativeASIN=1592537413,http://ws.assoc-amazon.com/widgets/q?_encoding=UTF8&Format=_SL110_&ASIN=1592537413&MarketPlace=US&ID=AsinImage&WS=1&ServiceVersion=20070822,
"Visual Thinking: for Design, by Colin Ware",#NAME?,http://www.amazon.com/gp/product/0123708966/ref=as_li_tf_il?ie=UTF8&linkCode=as2&camp=217145&creative=399369&creativeASIN=0123708966,http://ws.assoc-amazon.com/widgets/q?_encoding=UTF8&Format=_SL110_&ASIN=0123708966&MarketPlace=US&ID=AsinImage&WS=1&ServiceVersion=20070822,
"Art of Plain Talk, by Rudolf Flesch",#NAME?,http://www.amazon.com/gp/product/0060321903/ref=as_li_tf_il?ie=UTF8&linkCode=as2&camp=217145&creative=399373&creativeASIN=0060321903,http://ws.assoc-amazon.com/widgets/q?_encoding=UTF8&Format=_SL110_&ASIN=0060321903&MarketPlace=US&ID=AsinImage&WS=1&ServiceVersion=20070822,
"Better Presentations: A Guide for Scholars, Researchers, and Wonks, by Jon Schwabish",#NAME?,https://www.amazon.com/gp/product/0231175213/ref=as_li_tl?ie=UTF8&camp=1789&creative=9325&creativeASIN=0231175213&linkCode=as2&linkId=81f53823e3b5fd747188aa656b121ab9,http://ws-na.amazon-adsystem.com/widgets/q?_encoding=UTF8&MarketPlace=US&ASIN=0231175213&ServiceVersion=20070822&ID=AsinImage&WS=1&Format=_SL110_,
"Building Stories, by Chris Ware",#NAME?,http://www.amazon.com/gp/product/0375424334/ref=as_li_tf_il?ie=UTF8&linkCode=as2&camp=1789&creative=9325&creativeASIN=0375424334,http://ws.assoc-amazon.com/widgets/q?_encoding=UTF8&Format=_SL110_&ASIN=0375424334&MarketPlace=US&ID=AsinImage&WS=1&ServiceVersion=20070822,
"The Chicago Guide to Writing about Numbers (Chicago Guides to Writing, Editing, and Publishing), by Jane E. Miller",#NAME?,http://www.amazon.com/gp/product/0226526313/ref=as_li_tf_il?ie=UTF8&linkCode=as2&camp=217145&creative=399369&creativeASIN=0226526313,http://ws.assoc-amazon.com/widgets/q?_encoding=UTF8&Format=_SL110_&ASIN=0226526313&MarketPlace=US&ID=AsinImage&WS=1&ServiceVersion=20070822,
"The Elements of Style, by William Strunk and E B White",#NAME?,http://www.amazon.com/gp/product/0205313426/ref=as_li_tf_il?ie=UTF8&linkCode=as2&camp=1789&creative=9325&creativeASIN=0205313426,http://ws.assoc-amazon.com/widgets/q?_encoding=UTF8&Format=_SL110_&ASIN=0205313426&MarketPlace=US&ID=AsinImage&WS=1&ServiceVersion=20070822,
"The Elements of Journalism: What Newspeople Should Know and the Public Should Expect, by Bill Kovach",#NAME?,https://www.amazon.com/gp/product/0804136785/ref=as_li_tl?ie=UTF8&camp=1789&creative=9325&creativeASIN=0804136785&linkCode=as2&linkId=c937068a2d7d5ea9451df67abaf89305,http://ws-na.amazon-adsystem.com/widgets/q?_encoding=UTF8&MarketPlace=US&ASIN=0804136785&ServiceVersion=20070822&ID=AsinImage&WS=1&Format=_SL110_,
"The Elements of Typographic Style, by Robert Bringhurst",#NAME?,http://www.amazon.com/gp/product/0881792128/ref=as_li_tl?ie=UTF8&camp=1789&creative=9325&creativeASIN=0881792128&linkCode=as2&linkId=DUG5EBMDLEFOTNDY,http://ws-na.amazon-adsystem.com/widgets/q?_encoding=UTF8&ASIN=0881792128&Format=_SL110_&ID=AsinImage&MarketPlace=US&ServiceVersion=20070822&WS=1,
"Graphic Storytelling and Visual Narrative, by Will Eisner",#NAME?,http://www.amazon.com/gp/product/039333127X/ref=as_li_tl?ie=UTF8&camp=1789&creative=9325&creativeASIN=039333127X&linkCode=as2&linkId=H6MTR2MGVUU2DZGT,http://ws-na.amazon-adsystem.com/widgets/q?_encoding=UTF8&ASIN=039333127X&Format=_SL110_&ID=AsinImage&MarketPlace=US&ServiceVersion=20070822&WS=1,
"How About never - is Never Good for You?: My Life in Cartoons, by Bob Mankoff",#NAME?,https://www.amazon.com/gp/product/125006242X/ref=as_li_tl?ie=UTF8&camp=1789&creative=9325&creativeASIN=125006242X&linkCode=as2&linkId=ff0e1a361c2fa19998a30996c3c2569c,http://ws-na.amazon-adsystem.com/widgets/q?_encoding=UTF8&MarketPlace=US&ASIN=125006242X&ServiceVersion=20070822&ID=AsinImage&WS=1&Format=_SL110_,
"The Jelly Effect: How to Make Your Communication Stick, by Andy Bounds",#NAME?,http://www.amazon.com/gp/product/0857080466/ref=as_li_tf_il?ie=UTF8&linkCode=as2&camp=217145&creative=399373&creativeASIN=0857080466,http://ws.assoc-amazon.com/widgets/q?_encoding=UTF8&Format=_SL110_&ASIN=0857080466&MarketPlace=US&ID=AsinImage&WS=1&ServiceVersion=20070822,
"Made to Stick: Why Some Ideas Survive and Others Die, by Chip and Dan Heath",#NAME?,http://www.amazon.com/gp/product/1400064287/ref=as_li_tf_il?ie=UTF8&linkCode=as2&camp=217145&creative=399369&creativeASIN=1400064287,http://ws.assoc-amazon.com/widgets/q?_encoding=UTF8&Format=_SL110_&ASIN=1400064287&MarketPlace=US&ID=AsinImage&WS=1&ServiceVersion=20070822,
"The Naked Cartoonist: A New Way to Enhance Your Creativity, by Robert Mankoff",#NAME?,http://www.amazon.com/gp/product/1579122361/ref=as_li_tl?ie=UTF8&camp=1789&creative=9325&creativeASIN=1579122361&linkCode=as2&linkId=4WKXEZB4DFZ2Y5TE,http://ws-na.amazon-adsystem.com/widgets/q?_encoding=UTF8&ASIN=1579122361&Format=_SL110_&ID=AsinImage&MarketPlace=US&ServiceVersion=20070822&WS=1,
"Presentation Zen Design: Simple Design Principles and Techniques to Enhance Your Presentations, by Garr Reynolds",#NAME?,http://www.amazon.com/gp/product/0321668790/ref=as_li_tf_il?ie=UTF8&linkCode=as2&camp=217145&creative=399369&creativeASIN=0321668790,http://ws.assoc-amazon.com/widgets/q?_encoding=UTF8&Format=_SL110_&ASIN=0321668790&MarketPlace=US&ID=AsinImage&WS=1&ServiceVersion=20070822,
"Presentation Zen: Simple Ideas on Presentation Design and Delivery, by Garr Reynolds",#NAME?,http://www.amazon.com/gp/product/0321525655/ref=as_li_tf_il?ie=UTF8&linkCode=as2&camp=217145&creative=399369&creativeASIN=0321525655,http://ws.assoc-amazon.com/widgets/q?_encoding=UTF8&Format=_SL110_&ASIN=0321525655&MarketPlace=US&ID=AsinImage&WS=1&ServiceVersion=20070822,
"slide:ology: The Art and Science of Creating Great Presentations, by Nancy Duarte",#NAME?,http://www.amazon.com/gp/product/0596522347/ref=as_li_tf_il?ie=UTF8&linkCode=as2&camp=217145&creative=399369&creativeASIN=0596522347,http://ws.assoc-amazon.com/widgets/q?_encoding=UTF8&Format=_SL110_&ASIN=0596522347&MarketPlace=US&ID=AsinImage&WS=1&ServiceVersion=20070822,
"Style: Lessons in Clarity and Grace, by Joseph M Williams",#NAME?,http://www.amazon.com/gp/product/B00BFFGGGG/ref=as_li_tl?ie=UTF8&camp=1789&creative=9325&creativeASIN=B00BFFGGGG&linkCode=as2&linkId=SSVTEJUAR7SJWECF,http://ws-na.amazon-adsystem.com/widgets/q?_encoding=UTF8&ASIN=B00BFFGGGG&Format=_SL110_&ID=AsinImage&MarketPlace=US&ServiceVersion=20070822&WS=1,
"Switch: How to Change Things When Change Is Hard, by Chip and Dan Heath",#NAME?,http://www.amazon.com/gp/product/0385528752/ref=as_li_tf_il?ie=UTF8&linkCode=as2&camp=217145&creative=399369&creativeASIN=0385528752,http://ws.assoc-amazon.com/widgets/q?_encoding=UTF8&Format=_SL110_&ASIN=0385528752&MarketPlace=US&ID=AsinImage&WS=1&ServiceVersion=20070822,
"Thinking With Type, by Ellen Lupton",#NAME?,http://www.amazon.com/gp/product/1568989695/ref=as_li_tf_il?ie=UTF8&linkCode=as2&camp=1789&creative=9325&creativeASIN=1568989695,http://ws.assoc-amazon.com/widgets/q?_encoding=UTF8&Format=_SL110_&ASIN=1568989695&MarketPlace=US&ID=AsinImage&WS=1&ServiceVersion=20070822,
"Understanding Comics: The Invisible Art, by Scott Mccloud",#NAME?,http://www.amazon.com/gp/product/006097625X/ref=as_li_tf_il?ie=UTF8&linkCode=as2&camp=217145&creative=399369&creativeASIN=006097625X,http://ws.assoc-amazon.com/widgets/q?_encoding=UTF8&Format=_SL110_&ASIN=006097625X&MarketPlace=US&ID=AsinImage&WS=1&ServiceVersion=20070822,
"The Art of Looking Sideways, by Alan Fletcher",#NAME?,http://www.amazon.com/gp/product/0714834491/ref=as_li_tf_il?ie=UTF8&linkCode=as2&camp=217145&creative=399369&creativeASIN=0714834491,http://ws.assoc-amazon.com/widgets/q?_encoding=UTF8&Format=_SL110_&ASIN=0714834491&MarketPlace=US&ID=AsinImage&WS=1&ServiceVersion=20070822,
"Art: The Whole Story, by Stephen Farthing",#NAME?,http://www.amazon.com/gp/product/050028895X/ref=as_li_tf_il?ie=UTF8&linkCode=as2&camp=217145&creative=399373&creativeASIN=050028895X,http://ws.assoc-amazon.com/widgets/q?_encoding=UTF8&Format=_SL110_&ASIN=050028895X&MarketPlace=US&ID=AsinImage&WS=1&ServiceVersion=20070822,
"The Back of the Napkin (Expanded Edition): Solving Problems and Selling Ideas with Pictures, by Dan Roam",#NAME?,http://www.amazon.com/gp/product/1591843065/ref=as_li_tf_il?ie=UTF8&linkCode=as2&camp=217145&creative=399369&creativeASIN=1591843065,http://ws.assoc-amazon.com/widgets/q?_encoding=UTF8&Format=_SL110_&ASIN=1591843065&MarketPlace=US&ID=AsinImage&WS=1&ServiceVersion=20070822,
"Creativity, Inc.: Overcoming the Unseen Forces That Stand in the Way of True Inspiration, by Dr Ed Catmull",#NAME?,http://www.amazon.com/gp/product/0812993012/ref=as_li_tl?ie=UTF8&camp=1789&creative=9325&creativeASIN=0812993012&linkCode=as2&linkId=VZF75JYL4XNKHNLT,http://ws-na.amazon-adsystem.com/widgets/q?_encoding=UTF8&ASIN=0812993012&Format=_SL110_&ID=AsinImage&MarketPlace=US&ServiceVersion=20070822&WS=1,
"Creative Workshop: 80 Challenges to Sharpen Your Design Skills, by David Sherwin",#NAME?,http://www.amazon.com/gp/product/1600617972/ref=as_li_tl?ie=UTF8&camp=1789&creative=9325&creativeASIN=1600617972&linkCode=as2&linkId=RRD4HLQWTVYQCNED,http://ws-na.amazon-adsystem.com/widgets/q?_encoding=UTF8&ASIN=1600617972&Format=_SL110_&ID=AsinImage&MarketPlace=US&ServiceVersion=20070822&WS=1,
"Data Analysis with Open Source Tools, by Philipp K. Janert",#NAME?,http://www.amazon.com/gp/product/0596802358/ref=as_li_tf_il?ie=UTF8&linkCode=as2&camp=217145&creative=399369&creativeASIN=0596802358,http://ws.assoc-amazon.com/widgets/q?_encoding=UTF8&Format=_SL110_&ASIN=0596802358&MarketPlace=US&ID=AsinImage&WS=1&ServiceVersion=20070822,
"The Designful Company: How to build a culture of nonstop innovation, by Marty Neumeier",#NAME?,http://www.amazon.com/gp/product/0321580060/ref=as_li_tf_il?ie=UTF8&linkCode=as2&camp=217145&creative=399369&creativeASIN=0321580060,http://ws.assoc-amazon.com/widgets/q?_encoding=UTF8&Format=_SL110_&ASIN=0321580060&MarketPlace=US&ID=AsinImage&WS=1&ServiceVersion=20070822,
"Freelance Design in Practice, by Cathy Fishel",#NAME?,http://www.amazon.com/gp/product/1600613020/ref=as_li_tf_il?ie=UTF8&linkCode=as2&camp=217145&creative=399369&creativeASIN=1600613020,http://ws.assoc-amazon.com/widgets/q?_encoding=UTF8&Format=_SL110_&ASIN=1600613020&MarketPlace=US&ID=AsinImage&WS=1&ServiceVersion=20070822,
"Gamestorming: A Playbook for Innovators, Rulebreakers, and Changemakers, by Sunni Brown",#NAME?,http://www.amazon.com/gp/product/0596804172/ref=as_li_tf_il?ie=UTF8&linkCode=as2&camp=217145&creative=399369&creativeASIN=0596804172,http://ws.assoc-amazon.com/widgets/q?_encoding=UTF8&Format=_SL110_&ASIN=0596804172&MarketPlace=US&ID=AsinImage&WS=1&ServiceVersion=20070822,
"Glut: Mastering Information Through the Ages, by Alex Wright",#NAME?,http://www.amazon.com/gp/product/0801475090/ref=as_li_tf_il?ie=UTF8&linkCode=as2&camp=217145&creative=399369&creativeASIN=0801475090,http://ws.assoc-amazon.com/widgets/q?_encoding=UTF8&Format=_SL110_&ASIN=0801475090&MarketPlace=US&ID=AsinImage&WS=1&ServiceVersion=20070822,
"Graphic Artist's Guild Handbook of Pricing and Ethical Guidelines, by Graphic Artists Guild",#NAME?,http://www.amazon.com/gp/product/0932102115/ref=as_li_tf_il?ie=UTF8&linkCode=as2&camp=217145&creative=399369&creativeASIN=0932102115,http://ws.assoc-amazon.com/widgets/q?_encoding=UTF8&Format=_SL110_&ASIN=0932102115&MarketPlace=US&ID=AsinImage&WS=1&ServiceVersion=20070822,
"Graphic Discovery: A Trout in the Milk and Other Visual Adventures, by Howard Wainer",#NAME?,http://www.amazon.com/gp/product/0691134057/ref=as_li_tf_il?ie=UTF8&linkCode=as2&camp=217145&creative=399369&creativeASIN=0691134057,http://ws.assoc-amazon.com/widgets/q?_encoding=UTF8&Format=_SL110_&ASIN=0691134057&MarketPlace=US&ID=AsinImage&WS=1&ServiceVersion=20070822,
"Graphic Storytelling and Visual Narrative, by Will Eisner",#NAME?,https://www.amazon.com/gp/product/039333127X/ref=as_li_tl?ie=UTF8&camp=1789&creative=9325&creativeASIN=039333127X&linkCode=as2&linkId=b2f680e9b872a93505cee8fa014c31fa,http://ws-na.amazon-adsystem.com/widgets/q?_encoding=UTF8&MarketPlace=US&ASIN=039333127X&ServiceVersion=20070822&ID=AsinImage&WS=1&Format=_SL110_,
"How to Lie With Statistics, by Darrell Huff",#NAME?,http://www.amazon.com/gp/product/0393310728/ref=as_li_tf_il?ie=UTF8&linkCode=as2&camp=1789&creative=9325&creativeASIN=0393310728,http://ws.assoc-amazon.com/widgets/q?_encoding=UTF8&Format=_SL110_&ASIN=0393310728&MarketPlace=US&ID=AsinImage&WS=1&ServiceVersion=20070822,
"The Laws of Simplicity, by John Maeda",#NAME?,http://www.amazon.com/gp/product/0262134721/ref=as_li_tf_il?ie=UTF8&linkCode=as2&camp=217145&creative=399369&creativeASIN=0262134721,http://ws.assoc-amazon.com/widgets/q?_encoding=UTF8&Format=_SL110_&ASIN=0262134721&MarketPlace=US&ID=AsinImage&WS=1&ServiceVersion=20070822,
"Metaphors We Live by, by Georga Lakoff and Mark Johnson",#NAME?,http://www.amazon.com/gp/product/0226468011/ref=as_li_tf_il?ie=UTF8&linkCode=as2&camp=1789&creative=9325&creativeASIN=0226468011,http://ws.assoc-amazon.com/widgets/q?_encoding=UTF8&Format=_SL110_&ASIN=0226468011&MarketPlace=US&ID=AsinImage&WS=1&ServiceVersion=20070822,
"Playfair's Commercial and Political Atlas and Statistical Breviary, by William Playfair",#NAME?,http://www.amazon.com/gp/product/B003GAN2IS/ref=as_li_tf_il?ie=UTF8&linkCode=as2&camp=217145&creative=399373&creativeASIN=B003GAN2IS,http://ws.assoc-amazon.com/widgets/q?_encoding=UTF8&Format=_SL110_&ASIN=B003GAN2IS&MarketPlace=US&ID=AsinImage&WS=1&ServiceVersion=20070822,
"The Power of the 2 x 2 Matrix: Using 2 x 2 Thinking to Solve Business Problems and Make Better Decisions, by Alex Lowy",#NAME?,http://www.amazon.com/gp/product/1118008790/ref=as_li_tf_il?ie=UTF8&linkCode=as2&camp=217145&creative=399373&creativeASIN=1118008790,http://ws.assoc-amazon.com/widgets/q?_encoding=UTF8&Format=_SL110_&ASIN=1118008790&MarketPlace=US&ID=AsinImage&WS=1&ServiceVersion=20070822,
"R in a Nutshell: A Desktop Quick Reference, by Joseph Adler",#NAME?,http://www.amazon.com/gp/product/059680170X/ref=as_li_tf_il?ie=UTF8&linkCode=as2&camp=217145&creative=399369&creativeASIN=059680170X,http://ws.assoc-amazon.com/widgets/q?_encoding=UTF8&Format=_SL110_&ASIN=059680170X&MarketPlace=US&ID=AsinImage&WS=1&ServiceVersion=20070822,
"Statistics in a Nutshell: A Desktop Quick Reference, by Sarah Boslaugh, Paul Andrew Watters",#NAME?,http://www.amazon.com/gp/product/0596510497/ref=as_li_tf_il?ie=UTF8&linkCode=as2&camp=217145&creative=399369&creativeASIN=0596510497,http://ws.assoc-amazon.com/widgets/q?_encoding=UTF8&Format=_SL110_&ASIN=0596510497&MarketPlace=US&ID=AsinImage&WS=1&ServiceVersion=20070822,
"The Signal and the Noise: Why So Many Predictions Fail Ñ but Some Don't, by Nate Silver",#NAME?,http://www.amazon.com/gp/product/159420411X/ref=as_li_tl?ie=UTF8&camp=1789&creative=9325&creativeASIN=159420411X&linkCode=as2&linkId=PXMM2XAQATMNJRME,http://ws-na.amazon-adsystem.com/widgets/q?_encoding=UTF8&ASIN=159420411X&Format=_SL110_&ID=AsinImage&MarketPlace=US&ServiceVersion=20070822&WS=1,
"Small Data: The Tiny Clues That Uncover Huge Trends, by Martin Lindstrom",#NAME?,https://www.amazon.com/gp/product/1250080681/ref=as_li_tl?ie=UTF8&camp=1789&creative=9325&creativeASIN=1250080681&linkCode=as2&linkId=7e77fd0660bb31726c98bd5ccc3fd8c1,http://ws-na.amazon-adsystem.com/widgets/q?_encoding=UTF8&MarketPlace=US&ASIN=1250080681&ServiceVersion=20070822&ID=AsinImage&WS=1&Format=_SL110_,
"Thinking Fast and Slow, by Daniel Kahenman",#NAME?,http://www.amazon.com/gp/product/0374275637/ref=as_li_tf_il?ie=UTF8&linkCode=as2&camp=1789&creative=9325&creativeASIN=0374275637,http://ws.assoc-amazon.com/widgets/q?_encoding=UTF8&Format=_SL110_&ASIN=0374275637&MarketPlace=US&ID=AsinImage&WS=1&ServiceVersion=20070822,
"Turning Numbers into Knowledge: Mastering the Art of Problem Solving, by Jon Koomey",#NAME?,http://www.amazon.com/gp/product/0970601921/ref=as_li_tf_il?ie=UTF8&linkCode=as2&camp=217145&creative=399369&creativeASIN=0970601921,http://ws.assoc-amazon.com/widgets/q?_encoding=UTF8&Format=_SL110_&ASIN=0970601921&MarketPlace=US&ID=AsinImage&WS=1&ServiceVersion=20070822,
"Unfolding the Napkin: The Hands-On Method for Solving Complex Problems with Simple Pictures, by Dan Roam",#NAME?,http://www.amazon.com/gp/product/1591843197/ref=as_li_tf_il?ie=UTF8&linkCode=as2&camp=217145&creative=399369&creativeASIN=1591843197,http://ws.assoc-amazon.com/widgets/q?_encoding=UTF8&Format=_SL110_&ASIN=1591843197&MarketPlace=US&ID=AsinImage&WS=1&ServiceVersion=20070822,
"Ways of Seeing: Based on the BBC Television Series, by John S. Berger",#NAME?,http://www.amazon.com/gp/product/0140135154/ref=as_li_tf_il?ie=UTF8&linkCode=as2&camp=217145&creative=399369&creativeASIN=0140135154,http://ws.assoc-amazon.com/widgets/q?_encoding=UTF8&Format=_SL110_&ASIN=0140135154&MarketPlace=US&ID=AsinImage&WS=1&ServiceVersion=20070822,
"We Feel Fine: An Almanac of Human Emotion, by Sep Kamvar",#NAME?,http://www.amazon.com/gp/product/B003STCKMG/ref=as_li_tf_il?ie=UTF8&linkCode=as2&camp=217145&creative=399369&creativeASIN=B003STCKMG,http://ws.assoc-amazon.com/widgets/q?_encoding=UTF8&Format=_SL110_&ASIN=B003STCKMG&MarketPlace=US&ID=AsinImage&WS=1&ServiceVersion=20070822,
,,,,
,,,,
,,,,
,,,,
,,,,
,,,,
,,,,
,,,,
,,,,
,,,,
,,,,
,,,,
,,,,
,,,,
,,,,
,,,,
,,,,
,,,,
,,,,
,,,,
,,,,
,,,,
,,,,
,,,,
,,,,
,,,,
,,,,
,,,,
,,,,
,,,,
,,,,
,,,,
,,,,
,,,,
,,,,
,,,,
,,,,
,,,,
,,,,
,,,,
,,,,
,,,,
,,,,
,,,,
,,,,
,,,,
,,,,
,,,,
,,,,
,,,,
,,,,
,,,,
,,,,
,,,,
,,,,
,,,,
,,,,
,,,,
,,,,
,,,,
,,,,
,,,,
,,,,
,,,,
,,,,
,,,,
,,,,
,,,,
,,,,
,,,,
,,,,
,,,,
,,,,
,,,,
,,,,
,,,,
,,,,
,,,,
,,,,
,,,,
,,,,
,,,,
,,,,
,,,,
,,,,
,,,,
,,,,
,,,,
,,,,
,,,,
,,,,
,,,,
,,,,
,,,,
,,,,
,,,,
,,,,
,,,,
,,,,
,,,,
,,,,
,,,,
,,,,
,,,,
,,,,
,,,,
,,,,
,,,,
,,,,
,,,,
,,,,
,,,,
,,,,
,,,,
,,,,
,,,,
,,,,
,,,,
,,,,
,,,,
,,,,
,,,,
,,,,
,,,,
,,,,
,,,,
,,,,
,,,,
,,,,
,,,,
,,,,
,,,,
,,,,
,,,,
,,,,
,,,,
,,,,
,,,,
,,,,
,,,,
,,,,
,,,,
,,,,
,,,,
,,,,
,,,,
,,,,
,,,,
,,,,
,,,,
,,,,
,,,,
,,,,
,,,,
,,,,
,,,,
,,,,
,,,,
,,,,
,,,,
,,,,
,,,,
,,,,
,,,,
,,,,
,,,,
,,,,
,,,,
,,,,
,,,,
,,,,
,,,,
,,,,
,,,,
,,,,
,,,,
,,,,
,,,,
,,,,
,,,,
,,,,
,,,,
,,,,
,,,,
,,,,
,,,,
,,,,
,,,,
,,,,
,,,,
,,,,
,,,,
,,,,
,,,,
,,,,
,,,,
,,,,
,,,,
,,,,
,,,,
,,,,
,,,,
,,,,
,,,,
,,,,
,,,,
,,,,
,,,,
,,,,
,,,,
,,,,
,,,,
,,,,
,,,,
,,,,
,,,,
,,,,
,,,,
,,,,
,,,,
,,,,
,,,,
,,,,
,,,,
,,,,
,,,,
,,,,
,,,,
,,,,
,,,,
,,,,
,,,,
,,,,
,,,,
,,,,
,,,,
,,,,
,,,,
,,,,
,,,,
,,,,
,,,,
,,,,
,,,,
,,,,
,,,,
,,,,
,,,,
,,,,
,,,,
,,,,
,,,,
,,,,
,,,,
,,,,
,,,,
,,,,
,,,,
,,,,
,,,,
,,,,
,,,,
,,,,
,,,,
,,,,
,,,,
,,,,
,,,,
,,,,
,,,,
,,,,
,,,,
,,,,
,,,,
,,,,
,,,,
,,,,
,,,,
,,,,
,,,,
,,,,
,,,,
,,,,
,,,,
,,,,
,,,,
,,,,
,,,,
,,,,
,,,,
,,,,
,,,,
,,,,
,,,,
,,,,
,,,,
,,,,
,,,,
,,,,
,,,,
,,,,
,,,,
,,,,
,,,,
,,,,
,,,,
,,,,
,,,,
,,,,
,,,,
,,,,
,,,,
,,,,
,,,,
,,,,
,,,,
,,,,
,,,,
,,,,
,,,,
,,,,
,,,,
,,,,
,,,,
,,,,
,,,,
,,,,
,,,,
,,,,
,,,,
,,,,
,,,,
,,,,
,,,,
,,,,
,,,,
,,,,
,,,,
,,,,
,,,,
,,,,
,,,,
,,,,
,,,,
,,,,
,,,,
,,,,
,,,,
,,,,
,,,,
,,,,
,,,,
,,,,
,,,,
,,,,
,,,,
,,,,
,,,,
,,,,
,,,,
,,,,
,,,,
,,,,
,,,,
,,,,
,,,,
,,,,
,,,,
,,,,
,,,,
,,,,
,,,,
,,,,
,,,,
,,,,
,,,,
,,,,
,,,,
,,,,
,,,,
,,,,
,,,,
,,,,
,,,,
,,,,
,,,,
,,,,
,,,,
,,,,
,,,,
,,,,
,,,,
,,,,
,,,,
,,,,
,,,,
,,,,
,,,,
,,,,
,,,,
,,,,
,,,,
,,,,
,,,,
,,,,
,,,,
,,,,
,,,,
,,,,
,,,,
,,,,
,,,,
,,,,
,,,,
,,,,
,,,,
,,,,
,,,,
,,,,
,,,,
,,,,
,,,,
,,,,
,,,,
,,,,
,,,,
,,,,
,,,,
,,,,
,,,,
,,,,
,,,,
,,,,
,,,,
,,,,
,,,,
,,,,
,,,,
,,,,
,,,,
,,,,
,,,,
,,,,
,,,,
,,,,
,,,,
,,,,
,,,,
,,,,
,,,,
,,,,
,,,,
,,,,
,,,,
,,,,
,,,,
,,,,
,,,,
,,,,
,,,,
,,,,
,,,,
,,,,
,,,,
,,,,
,,,,
,,,,
,,,,
,,,,
,,,,
,,,,
,,,,
,,,,
,,,,
,,,,
,,,,
,,,,
,,,,
,,,,
,,,,
,,,,
,,,,
,,,,
,,,,
,,,,
,,,,
,,,,
,,,,
,,,,
,,,,
,,,,
,,,,
,,,,
,,,,
,,,,
,,,,
,,,,
,,,,
,,,,
,,,,
,,,,
,,,,
,,,,
,,,,
,,,,
,,,,
,,,,
,,,,
,,,,
,,,,
,,,,
,,,,
,,,,
,,,,
,,,,
,,,,
,,,,
,,,,
,,,,
,,,,
,,,,
,,,,
,,,,
,,,,
,,,,
,,,,
,,,,
,,,,
,,,,
,,,,
,,,,
,,,,
,,,,
,,,,
,,,,
,,,,
,,,,
,,,,
,,,,
,,,,
,,,,
,,,,
,,,,
,,,,
,,,,
,,,,
,,,,
,,,,
,,,,
,,,,
,,,,
,,,,
,,,,
,,,,
,,,,
,,,,
,,,,
,,,,
,,,,
,,,,
,,,,
,,,,
,,,,
,,,,
,,,,
,,,,
,,,,
,,,,
,,,,
,,,,
,,,,
,,,,
,,,,
,,,,
,,,,
,,,,
,,,,
,,,,
,,,,
,,,,
,,,,
,,,,
,,,,
,,,,
,,,,
,,,,
,,,,
,,,,
,,,,
,,,,
,,,,
,,,,
,,,,
,,,,
,,,,
,,,,
,,,,
,,,,
,,,,
,,,,
,,,,
,,,,
,,,,
,,,,
,,,,
,,,,
,,,,
,,,,
,,,,
,,,,
,,,,
,,,,
,,,,
,,,,
,,,,
,,,,
,,,,
,,,,
,,,,
,,,,
,,,,
,,,,
,,,,
,,,,
,,,,
,,,,
,,,,
,,,,
,,,,
,,,,
,,,,
,,,,
,,,,
,,,,
,,,,
,,,,
,,,,
,,,,
,,,,
,,,,
,,,,
,,,,
,,,,
,,,,
,,,,
,,,,
,,,,
,,,,
,,,,
,,,,
,,,,
,,,,
,,,,
,,,,
,,,,
,,,,
,,,,
,,,,
,,,,
,,,,
,,,,
,,,,
,,,,
,,,,
,,,,
,,,,
,,,,
,,,,
,,,,
,,,,
,,,,
,,,,
,,,,
,,,,
,,,,
,,,,
,,,,
,,,,
,,,,
,,,,
,,,,
,,,,
,,,,
,,,,
,,,,
,,,,
,,,,
,,,,
,,,,
,,,,
,,,,
,,,,
,,,,
,,,,
,,,,
,,,,
,,,,
,,,,
,,,,
,,,,
,,,,
,,,,
,,,,
,,,,
,,,,
,,,,
,,,,
,,,,
,,,,
,,,,
,,,,
,,,,
,,,,
,,,,
,,,,
,,,,
,,,,
,,,,
,,,,
,,,,
,,,,
,,,,
,,,,
,,,,
,,,,
,,,,
,,,,
,,,,
,,,,
,,,,
,,,,
,,,,
,,,,
,,,,
,,,,
,,,,
,,,,
,,,,
,,,,
,,,,
,,,,
,,,,
,,,,
,,,,
,,,,
,,,,
,,,,
,,,,
,,,,
,,,,
,,,,
,,,,
,,,,
,,,,
,,,,
,,,,
,,,,
,,,,
,,,,
,,,,
,,,,
,,,,
,,,,
,,,,
,,,,
,,,,
,,,,
,,,,
,,,,
,,,,
,,,,
,,,,
,,,,
,,,,
,,,,
,,,,
,,,,
,,,,
,,,,
,,,,
,,,,
,,,,
,,,,
,,,,
,,,,
,,,,
,,,,
,,,,
,,,,
,,,,
,,,,
,,,,
,,,,
,,,,
,,,,
,,,,
,,,,
,,,,
,,,,
,,,,
,,,,
,,,,
,,,,
,,,,
,,,,
,,,,
,,,,
,,,,
,,,,
,,,,
,,,,
,,,,
,,,,
,,,,
,,,,
,,,,
,,,,
,,,,
,,,,
,,,,
,,,,
,,,,
,,,,
,,,,
,,,,
,,,,
,,,,
,,,,
,,,,
,,,,
,,,,
,,,,
,,,,
,,,,
,,,,
,,,,
,,,,
,,,,
,,,,
,,,,
,,,,
,,,,
,,,,
,,,,
,,,,
,,,,
,,,,
,,,,
,,,,
,,,,
,,,,
,,,,
,,,,
,,,,
,,,,
,,,,
,,,,
,,,,
,,,,
,,,,
,,,,
,,,,
,,,,
,,,,
,,,,
,,,,
,,,,
,,,,